Newze - Magazine Content News,News & Magazines,Newze Web Design - Greg Baldwin,,,,16,0,1.99
Sync for reddit (Pro),News & Magazines,Red Apps LTD,Offers in-app purchases,4.8,"31,761",8.6,"100,000",3.99
gReader Pro | News | RSS,News & Magazines,noinnion,Contains Ads,4.4,"15,266",,"100,000",4.69
NEWS APP US,News & Magazines,SAT APPS,,,,5.0,1,0.99
Talking Newspapers,News & Magazines,DSHelectronics,,4.0,6,11,100,3.95
NEWS APP US,News & Magazines,SAT APPS,,,,5.8,100,0.99
NEWS APP,News & Magazines,SAT APPS,,5.0,1,6.1,100,1.99
UK Newspapers PRO,News & Magazines,Greenstream Apps,Contains Ads,4.3,42,3.0,500,4.49
NEWS Buzz PRO,News & Magazines,PJET APPS,,,,1.7,1,14.99
MyNews.is - Intelligent News,News & Magazines,Mearete SA News Apps,Contains Ads,3.0,2,2.0,10,4.99
myNews Pro,News & Magazines,"Appgeneration - Radio FM , AM and FM Music, News",,3.7,11,3.8,100,4.53
Newsbeat Plus ðŸ“» Daily Podcast,News & Magazines,Stargrid Communications,Offers in-app purchases,3.0,1,27,10,9.99
Planet SciFi,News & Magazines,BerlÃ¨se Technologies,,5.0,5,2.6,10,0.99
Economister,News & Magazines,Anand Misir,,4.7,3,0.208,50,1.49
Newspaper Cuffs,News & Magazines,Ã–mer Furkan DEMÄ°R,,,,3.8,5,0.99
Cryptographic News (Ad-Free),News & Magazines,GOLD Network,,,,10,5,2.49
AkÅŸam Gazetesi,News & Magazines,Metin Akcan,Contains Ads,,,14,0,0.99
SPORT INFO LEROY,News & Magazines,Leroy Agency Press,,,,2.4,5,1.29
StarSeed Of Truth,News & Magazines,Wackobytes,,,,0.06,5,1.00
BEST OF THE LEFT,News & Magazines,Libsyn,,4.7,19,4.4,100,1.99
Zypresse Zeitung,News & Magazines,deldar,Contains Ads,4.0,4,7.5,50,1.49
Haber PortalÄ± (ReklamsÄ±z),News & Magazines,DBGproductions,,5.0,1,11,10,0.99
Jarak Cinta,News & Magazines,LovRinz Publishing,,,,34,0,2.49
